NO;#;Address;SSID;Channel;Head_Channel;Signal_Strength;Noise_Floor;Signal_To_Noise;Radio_Name;RouterOS_Version
1;0;08:55:31:5C:F9:7C;test123;5110/20-Ce/an;5110;-76;-115;39;0855315CF97C;6.49.6
2;1;E0:63:DA:D4:F8:CC;;5110/20-eeCe/ac;5110;-59;-115;56;;
3;2;2C:C8:1B:40:C6:F5;SERSER;5125/20-Ce/an;5125;-66;-115;49;2CC81B40C6F5;6.46.8
4;3;74:83:C2:5C:84:F6;ubnt cpp;5150/20/an;5150;-59;-114;55;Tasya Media Ne;2.9.31
5;4;08:55:31:87:B5:6C;NYANYA 120;5150/20/an;5150;-86;-114;28;08553187B56C;
6;5;48:8F:5A:74:49:04;PD II;5150/20/a;5150;-80;-114;34;AP Rude;
7;6;08:55:31:EA:C0:CC;BUMDES-LINK;5170/20/an;5170;-59;-114;55;AP-PTP;
8;7;C4:AD:34:0C:DA:C6;RICAD-BASECAMP;5170/20-Ce/an;5170;-81;-114;33;AP-BASECAMP;6.47.3
9;8;48:8F:5A:F2:FE:F2;AP 29;5180/20-Ce/an;5180;-84;-114;30;M5 29;6.48.4
10;9;78:8A:20:AA:F6:90;DASHLINK_01;5195/20-Ce/an;5195;-51;-113;62;RJN10;2.9.31
11;10;64:D1:54:7C:76:96;Trio;5200/20/an;5200;-82;-113;31;CM;
12;11;FC:EC:DA:6E:32:A8;DASHCLUB;5205/20/an;5205;-78;-113;35;SUFURA;2.9.31
13;12;18:E8:29:3C:21:F2;PAIJO;5220/20/an;5220;-68;-113;45;AP TO PAIJO;2.9.31
14;13;B8:69:F4:C7:24:F7;BUMDES-KA1;5225/20/an;5225;-83;-113;30;AP-BUMDES;6.42.12
15;14;74:4D:28:97:4E:90;AP-SXT-BAWAH;5245/20/an;5245;-84;-113;29;AP-SXT-BAWAH;
16;15;78:8A:20:C8:89:06;;5255/20-Ce/an;5255;-82;-113;31;tapung ap1;2.9.31
17;16;48:8F:5A:47:AF:65;BIGHOUSE;5260/20-Ce/an;5260;-83;-114;31;488F5A47AF65;
18;17;64:D1:54:A4:A5:8D;Golden;5280/20-Ce/an;5280;-90;-114;24;SBB OMNI29;6.45.9
19;18;6C:3B:6B:BF:4F:8F;Sec 2U;5285/20/a;5285;-65;-113;48;;
20;19;F0:9F:C2:44:E1:74;SMS1;5310/20/an;5310;-69;-113;44;Tasya Media Ne;2.9.31
21;20;74:4D:28:E0:5F:8F;sembiring_asrindo;5330/20/an;5330;-84;-114;30;744D28E05F8F;6.48.3
22;21;04:18:D6:54:4A:9E;ilhamm;5360/20/an;5360;-76;-114;38;AirGrid M5 HP;2.9.31
23;22;48:8F:5A:6C:45:35;AP Staff;5360/20-Ce/an;5360;-90;-114;24;AP Staff;6.46.8
24;23;AA:15:6D:DA:4B:71;MERPATI;5380/20-Ce/an;5380;-80;-114;34;CP520;2.9.31
25;24;80:2A:A8:E2:5A:8A;TOOL-LANGIT;5385/20/an;5385;-46;-114;68;TOOLANGIT;2.9.31
26;25;64:D1:54:B0:BC:97;Radar;5400/20/an;5400;-90;-114;24;Omni Sec 5;
27;26;24:5A:4C:D0:9A:E7;di kijang;5405/20/an;5405;-67;-114;47;ke sugie new;2.9.31
28;27;CC:2D:E0:99:93:DB;AP-SENGKETASIS;5420/20-Ce/an;5420;-90;-115;25;STA-PERWATAN;
29;28;E0:63:DA:F6:46:12;KOTAGARO;5425/20-Ce/an;5425;-85;-114;29;PB M5 400 kija;2.9.31
30;29;E4:8D:8C:F9:45:83;BISMILLAHH;5425/20/an;5425;-82;-114;32;NET-MENTEL-WADUK;6.49.2
31;30;48:8F:5A:C1:89:10;DASMEDA;5470/20/an;5470;-55;-116;61;AP-DASH MEDIA DA;6.45.9
32;31;08:55:31:B0:8D:BE;AP-SIMBOLON;5470/20/an;5470;-88;-116;28;RADIO-GANIE JAYA;
33;32;80:2A:A8:A6:A4:76;ubnt 8;5475/20/an;5475;-78;-115;37;ubnt cpp8;2.9.31
34;33;B4:FB:E4:3C:FE:59;AP26;5510/20/an;5510;-90;-115;25;26789;2.9.31
35;34;80:2A:A8:6E:5C:E5;mr Garuh;5545/20/an;5545;-64;-116;52;lintas data;2.9.31
36;35;08:55:31:56:E0:8D;UJIAN 2021;5585/20-Ce/an;5585;-77;-115;38;DISPEN2021;6.45.9
37;36;78:8A:20:9C:E3:CB;WR-265;5600/20-Ce/an;5600;-86;-115;29;Rocket M5;2.9.31
38;37;68:D7:9A:A6:64:E8;matamu;5615/20-Ce/an;5615;-88;-117;29;AP3-DIERY;2.9.31
39;38;80:2A:A8:0A:AC:7C;ubnt polsek;5645/20/an;5645;-77;-117;40;polsek;2.9.31
40;39;08:55:31:4E:41:B5;MikroTik PKS16;5700/20-Ce/an;5700;-91;-119;28;TMN;6.48
41;40;80:2A:A8:0E:62:45;ubnt tess4;5705/20/an;5705;-74;-119;45;Rocket M5;2.9.31
42;41;C4:AD:34:B8:89:5B;Omni 6;5725/20-Ce/an;5725;-88;-118;30;Omni 6;
43;42;08:55:31:4D:EE:E3;TarekSest;5745/20-Ce/an;5745;-88;-119;31;OM ka;6.45.9
44;43;24:A4:3C:42:5C:F4;tes gratis;5765/20/an;5765;-71;-119;48;oom;2.9.31
45;44;44:59:43:26:60:68;;5765/20-eCee/ac;5765;-77;-119;42;;
46;45;74:83:C2:A0:48:F6;AP212;5785/20/an;5785;-60;-119;59;PT.R86 DIGITAL;2.9.31
47;46;24:5A:4C:BC:65:15;NED life6;5790/20-Ce/an;5790;-69;-119;50;Rocket M5;2.9.31
48;47;B8:69:F4:40:6F:66;One;5825/20/an;5825;-79;-120;41;AP One;
49;48;24:5A:4C:B4:AD:49;PermanaNET#05;5835/20/an;5835;-91;-120;29;PermanaNET#05;2.9.31
50;49;C4:AD:34:9B:93:70;swissbel-lestari;5850/20-Ce/ac;5850;-77;-120;43;PTP_Swissbell_To;6.44.5
51;50;C4:AD:34:27:E9:97;TRM MULTI;5225/20-eC/ac;5225;-80;-113;33;C4AD3427E997;6.44.5
52;51;48:8F:5A:75:95:F1;LINK-SeLink;5345/20/an;5345;-42;-114;72;AP-TO-KG;
53;52;64:D1:54:70:A2:CA;Mbak Dyna;5380/20-eC/ac;5380;-89;-114;25;MbakDyna;6.48.6
54;53;48:8F:5A:D3:C5:F7;DASH_GELL;5405/20/an;5405;-77;-114;37;ST-PARDEDE;
55;54;64:D1:54:AE:12:A9;MELAN;5430/20/an;5430;-90;-115;25;AP-MELAN;6.47
56;55;08:55:31:74:C9:AD;AP28b;5450/20-Ce/an;5450;-86;-114;28;Ganas Banget;
57;56;B8:69:F4:AC:09:30;S-Link;5485/20-Ce/an;5485;-66;-115;49;AP Seruling;
58;57;C4:AD:34:76:58:25;AMBYARcuk;5485/20-eCee/ac;5485;-83;-115;32;C4AD34765825;6.44.5
59;58;18:E8:29:70:F0:93;OMNI;5515/20-Ce/an;5515;-88;-115;27;Rocket M5;2.9.31
60;59;08:55:31:39:6E:41;MikroTik TMN;5815/20-Ce/an;5815;-87;-119;32;TMN 28;6.49.6
61;60;74:83:C2:5C:86:86;Bumdes BA;5200/20/an;5200;-82;-113;31;Rocket M5;2.9.31
62;61;CC:2D:E0:CF:23:96;1945;5200/20-eC/an;5200;-88;-113;25;kkkm;
63;62;08:55:31:12:37:D1;AP-GRAHA;5375/20-Ce/an;5375;-89;-114;25;AP-GRAHA;6.45.9
64;63;CC:2D:E0:37:DB:73;ubnt LBE;5710/20-Ce/an;5710;-87;-118;31;BTS;6.39.2
65;64;CC:2D:E0:14:38:16;CCTV TOLL;5915/20-Ce/ac;5915;-88;-120;32;CC2DE0143816;6.49.6
66;65;78:8A:20:18:D4:E2;;5180/20/ac;5180;-87;-114;27;;
67;66;F4:92:BF:D8:5E:5B;;5235/20-eC/ac;5235;-87;-113;26;;
68;67;B8:69:F4:16:4A:E3;;5300/20-Ce/ac;5300;-86;-113;27;dashnet to areng;6.40.8
69;68;08:55:31:90:DB:9C;AP BERKAH;5490/20-eCee/ac;5490;-89;-115;26;08553190DB9C;
70;69;B8:69:F4:60:AD:FB;BCC 5;5520/20-Ce/an;5520;-89;-116;27;BUWUNG PUYUH;
71;70;08:55:31:4C:5B:37;TO-KEBUN CINA;5740/20-Ce/an;5740;-88;-119;31;AP-KEBUN CINA;
72;71;08:55:31:EA:5C:0E;FEDORA-ADE;5540/20-eC/an;5540;-88;-115;27;085531EA5C0E;6.45.9
73;72;20:B5:C6:14:9E:D8;;5815/20/a;5815;-82;-119;37;;
74;73;C4:AD:34:C8:44:04;TIMUR link;5180/20-Ce/an;5180;-80;-114;34;RECEHAN 2O2O;6.49.5
75;74;F0:9F:C2:9E:4A:95;;5360/20-Ce/ac;5360;-86;-114;28;;
76;75;CC:2D:E0:5B:7D:2B;BURUNGNET2;5800/20-Ce/an;5800;-89;-118;29;AP-2-BURUNG@NET;6.48.3
77;76;80:2A:A8:A2:86:F2;ED-AJP;5345/20-Ce/an;5345;-86;-114;28;AP-AJP_Palas;2.9.31
78;77;08:55:31:3C:78:9C;1919Baru;5240/20-eC/an;5240;-92;-114;22;OmnitikT19;
79;78;C4:AD:34:A2:7B:10;Km1STk;5240/20-eC/an;5240;-90;-114;24;C4AD34A27B10;6.44.5
80;79;2C:C8:1B:1C:CA:AF;MikroTik;5250/20-Ce/an;5250;-88;-114;26;2CC81B1CCAAF;6.46.8
81;80;04:F0:21:04:EC:C9;;5700/20/an;5700;-87;-119;32;Sabrina;6.48
82;81;08:55:31:6E:63:04;AP M DILAM;5315/20-eC/an;5315;-85;-113;28;AP LJN PANDAWA;6.45.9
83;82;2C:C8:1B:70:6B:E3;AU - BNGKO;5260/20/an;5260;-90;-114;24;AU BANGKO;6.48.6
84;83;B8:69:F4:90:85:A3;AP STEVEN;5385/20-eC/an;5385;-87;-114;27;SJI;
85;84;08:55:31:4D:B9:E3;PTP NS;5395/20-Ce/an;5395;-86;-113;27;PTP NS;6.48.5
86;85;CC:2D:E0:51:F2:A3;omni 58 kandas;5180/20-eC/an;5180;-87;-114;27;lintas;6.46.8
87;86;DC:9F:DB:58:29:59;link03;5215/20/an;5215;-82;-114;32;pelu;2.9.31
88;87;C4:AD:34:93:7D:8A;OMNITIK-SUNGAI-PUTIH;5245/20/an;5245;-86;-113;27;OMNITIK-SUNGAI-P;6.44.5
89;88;F4:92:BF:E8:31:20;AP-SP3 cokro;5690/20-Ce/an;5690;-89;-118;29;PowerBeam M5 3;2.9.31
90;89;08:55:31:12:23:6B;Tiandu;5100/20-Ce/an;5100;-88;-115;27;AP Tiandu;
91;90;CC:2D:E0:D2:07:57;AP BUANA JAYA;5300/20-Ce/an;5300;-92;-113;21;BUANA JAYA;6.47.7
92;91;18:E8:29:70:61:3B;i-ACCESS-BW;5670/20/an;5670;-87;-118;31;Rocket M5;2.9.31
93;92;08:55:31:8C:1C:1C;MikroTik boss pencing;5510/20-Ce/an;5510;-89;-115;26;TMN;6.45.9
94;93;08:55:31:B9:59:10;QUENN MART;5180/20-Ce/an;5180;-86;-114;28;AP-QUEEN MART;6.49.2
95;94;CC:2D:E0:CF:46:98;MIKROTIK-40;5260/20/an;5260;-90;-114;24;OMNITIK;6.47
96;95;F4:92:BF:EC:A5:F8;AP.ALBET getri;5460/20-Ce/an;5460;-88;-115;27;ap.albet;2.9.31
97;96;F4:92:BF:D8:CF:FB;;5460/20/ac;5460;-87;-115;28;;
98;97;44:D9:E7:2C:60:DC;AP-ALM;5300/20/an;5300;-87;-113;26;B5 Cvn;2.9.31
99;98;CC:2D:E0:03:0E:9C;FEDORA-SEKTOR 202;5560/20/an;5560;-85;-115;30;CC2DE0030E9C;6.36.3
100;99;08:55:31:5D:09:57;MikroTik 1B;5570/20-Ce/an;5570;-88;-115;27;TMN;6.45.9
101;100;08:55:31:12:F0:B5;AP HOMBING;5395/20-Ce/an;5395;-91;-113;22;OMNITIK PoE;6.45.9
102;101;78:8A:20:98:E6:6C;NEPTUNUS-SMPNPP;5335/20-Ce/an;5335;-85;-114;29;NEPTUNUS-SMPNP;2.9.31
103;102;E4:8D:8C:BE:09:B3;thezuri_pmc22;5320/20/an;5320;-87;-114;27;E48D8CBE09B3;6.48.3
104;103;B8:69:F4:8A:E7:0B;OMN KJR;5210/20-Ce/an;5210;-85;-113;28;AP Iwan;
105;104;74:AC:B9:8C:6F:EF;;5240/20/ac;5240;-87;-114;27;;
106;105;08:55:31:4C:44:56;AP AL ADAM.NET;5500/20-eC/an;5500;-89;-115;26;OMNI KASIMANG;
107;106;C4:AD:34:0C:07:42;A-D;5445/20/an;5445;-90;-115;25;AP-HS ADARA;6.47
108;107;F4:92:BF:3A:FD:92;FEDORA PTP PAYUNG;5200/20-Ce/an;5200;-88;-113;25;Rocket M5;2.9.31
109;108;08:55:31:12:1D:55;DM;5200/20/an;5200;-86;-113;27;mikrotiktik;6.45.9
110;109;B8:69:F4:DD:72:18;MDJKL;5500/20-Ceee/ac;5500;-88;-115;27;SJKL;
111;110;08:55:31:89:9B:77;PSM TO RIMBA;5500/20-eC/an;5500;-89;-115;26;psm ptp to rimba;
112;111;74:AC:B9:0E:C6:AF;;5650/20-eCee/ac;5650;-88;-118;30;;
113;112;C4:AD:34:7F:A1:99;;5200/20/an;5200;-87;-113;26;C4AD347FA199;6.44.5
114;113;F4:92:BF:46:13:0B;1X-L;5725/20/an;5725;-88;-118;30;RNRTH;2.9.31
115;114;08:55:31:3E:D6:B5;PTP-KEC.GASIB;5745/20/an;5745;-87;-119;32;PTP-KEC.GASIB;6.47.9
116;115;48:8F:5A:FD:27:ED;AP D4R1 PP;5320/20-Ce/an;5320;-87;-114;27;Dev2Ray2;7.2
117;116;68:D7:9A:90:AC:83;TO-PLASMA;5420/20/an;5420;-87;-115;28;SBU to PLASMA ;2.9.31
118;117;00:19:3B:0A:A9:BA;LigoDLB AP;5785/20/an;5785;-89;-119;30;;
119;118;CC:2D:E0:37:E5:E1;ap;5180/20/an;5180;-85;-114;29;CC2DE037E5E1;6.39.2
120;119;08:55:31:4A:E2:89;AP GRESS;5370/20/an;5370;-88;-114;26;AP LHG GRESS;6.45.9
121;120;74:83:C2:A4:4F:74;PT-SAKTI;5440/20-Ce/an;5440;-89;-114;25;PKS- KP;2.9.31
122;121;F4:92:BF:D8:61:02;;5875/20-Ceee/ac;5875;-90;-120;30;;
123;122;08:55:31:16:D4:D6;Tegar-PTMP4;5725/20-eC/an;5725;-84;-118;34;08553116D4D6;6.45.9
124;123;08:55:31:61:DE:CE;444;5215/20-Ce/an;5215;-89;-114;25;Mr.JOE;6.45.9
125;124;78:8A:20:9C:98:3B;Internet@Rakyat;5225/20-Ce/an;5225;-84;-113;29;AP-Internet@Ra;2.9.31
126;125;24:5A:4C:BC:63:4D;LOCO RB;5825/20-eC/an;5825;-89;-120;31;Rocket M5;2.9.31
127;126;48:8F:5A:C8:70:06;XMXX;5280/20-Ce/an;5280;-88;-114;26;XMXX;
128;127;74:4D:28:F3:86:0E;LINKSP7;5130/20-eCee/ac;5130;-88;-114;26;Covid19;
129;128;44:D9:E7:CE:98:9E;;5290/20/an;5290;-85;-113;28;dash-tikipanam;2.9.31
130;129;D4:CA:6D:EF:7F:79;mona_55;5240/20/a;5240;-91;-114;23;D4CA6DEF7F79;6.49.2
131;130;00:04:56:E3:8E:E3;AP BATIN;5480/20-Ce/an;5480;-87;-116;29;;
132;131;B8:69:F4:31:54:A9;AP SEHATI;5565/20/an;5565;-87;-114;27;AQIR ZAMAN;6.48.6
133;132;F4:92:BF:46:13:D0;AP-SUMBER-MAKMUR;5395/20/an;5395;-87;-113;26;Rocket M5;2.9.31
134;133;00:27:22:16:39:AD;dash-gs-ap8;5700/20/a;5700;-88;-119;31;gs ap8;3.2
135;134;F4:92:BF:DA:BD:F8;Indonesia;5620/20-Ce/an;5620;-88;-116;28;Indonesia;2.9.31
136;135;04:F0:21:04:ED:01;;5335/20-Ce/an;5335;-88;-114;26;Holywood;6.48.1
137;136;C4:AD:34:62:AB:CF;Tri Sakti;5140/20-eC/an;5140;-87;-114;27;AP Tri Sakti;
138;137;78:8A:20:12:31:AD;ptpn5-sbu lbk dalam;5200/20/an;5200;-85;-113;28;SBU L.Dalam- T;2.9.31
139;138;18:E8:29:82:0E:78;Indonesia;5615/20-Ce/an;5615;-88;-117;29;Indonesia;2.9.31
140;139;08:55:31:4A:76:24;AP KS;5265/20-Ce/an;5265;-87;-114;27;AP KS;2.9.31
141;140;80:2A:A8:A2:A4:38;;5795/20/a;5795;-80;-119;39;;
142;141;48:8F:5A:B1:3E:60;BinSM;5455/20-Ce/an;5455;-91;-113;22;0855314A7624;
143;142;F4:92:BF:F6:E9:65;Sectoral SP2;5525/20-Ce/an;5525;-88;-115;27;Rocket M5;2.9.31
144;143;08:55:31:0E:B9:91;semngko;5825/20/a;5825;-89;-120;31;ap KA;
145;144;C4:AD:34:AB:60:63;SMK-PEWAN;5600/20-Ce/an;5600;-88;-115;27;SMK PAK DEWAN;2.9.31
146;145;08:55:31:84:6E:C9;GDS-AP1;5310/20/an;5310;-88;-113;25;0855310EB991;
147;146;48:8F:5A:68:CE:AF;PTP-DESA-SUNGAI-PUTIH;5355/20/an;5355;-87;-114;27;AP-PTP-SUNGAI-PUTIH;
148;147;24:5A:4C:06:53:F6;TUKANG WIFI 9;5810/20/an;5810;-89;-118;29;AP gondang;
149;148;20:B5:C7:03:0C:62;BISMILLAH;5670/20-Ce/an;5670;-90;-118;28;AP_KM.2;6.45.8
150;149;B8:69:F4:49:71:9F;;5750/20/ac;5750;-88;-119;31;;
151;150;B4:0F:3B:D6:83:D1;HTC-FARM-3;5405/20/ac;5405;-89;-114;25;;
152;151;BA:69:F4:49:71:9F;PKU2-PKU3;5270/20-eC/an;5270;-88;-113;25;ap-kandang2;6.44.5
153;152;00:04:56:D6:9D:02;Lap-Heli;5745/20/ac;5745;-90;-119;29;;
154;153;08:55:31:35:17:30;PKU2;5270/20-eC/an;5270;-87;-113;26;ap-kandang2;6.44.5
155;154;64:D1:54:B0:C5:01;musimmasbuatan2018;5650/20/an;5650;-87;-118;31;;
156;155;18:E8:29:D8:96:A1;AP TEGAR UJUNG;5250/20/an;5250;-90;-114;24;SPEEDNET TGR;
157;156;E0:63:DA:FE:35:FC;PTP_02;5440/20/an;5440;-89;-114;25;OMNITICK;
158;157;2C:C8:1B:0A:6F:CC;AP PISANG NETWORK;5660/20/an;5660;-87;-118;31;AP PISANG SK;2.9.31
159;158;48:8F:5A:95:68:5C;Nvtl02-SRKD;5155/20/an;5155;-87;-113;26;Novotel - IT;2.9.31
160;159;64:D1:54:71:51:4E;Rudi Online;5870/20-Ce/an;5870;-89;-120;31;TASYA MEDIA NETW;6.45.9
161;160;48:8F:5A:F2:AD:41;DISTRIK DURI 1;5150/20/an;5150;-89;-114;25;DISTRIK DURI 1;
162;161;C4:AD:34:76:74:7C;FEDORA-TAMPAN1;5520/20/an;5520;-87;-116;29;64D15471514E;6.33
163;162;08:55:31:24:CA:11;MikroTik19;5875/20-Ce/ac;5875;-89;-120;31;488F5AF2AD41;6.48.3
164;163;E4:8D:8C:BE:08:F7;PENCARI SINYAL;5655/20-Ce/ac;5655;-89;-118;29;Spektrum Radio;6.47.9
165;164;B8:69:F4:B9:53:B3;BOY;5200/20/an;5200;-89;-113;24;AP-BOY;
166;165;6C:3B:6B:A8:FB:E9;hery1;5250/20/a;5250;-89;-114;25;NSM5Sector3;
167;166;74:83:C2:62:14:23;AP-BERKAH;5390/20/an;5390;-88;-114;26;AP-BERKAH;
168;167;68:D7:9A:A6:5E:26;PSMNET-2;5240/20/an;5240;-88;-114;26;PSMNET-1;6.48.5
169;168;B4:FB:E4:68:EB:72;;5520/20/ac;5520;-90;-116;26;;
170;169;08:55:31:0B:4F:BD;Tetap jaya;5390/20/an;5390;-88;-114;26;AP_Damai Ditem;2.9.31
171;170;48:8F:5A:76:A3:C1;naruto95;5525/20-Ce/an;5525;-87;-115;28;LiteBeam M5;2.9.31
172;171;C4:AD:34:8B:28:C4;AP72;5360/20/an;5360;-90;-114;24;AP GASPOL;6.45.9
173;172;B4:FB:E4:5E:5B:18;Ber217an;5745/20-Ce/an;5745;-90;-119;29;AP Sumbawa;
174;173;08:55:31:AE:7F:A4;SPEEDNET TO RAMPOK;5535/20/an;5535;-89;-117;28;SPEEDNET PENDAWA;6.45.9
175;0;C4:AD:34:62:AB:85;Links_Air_Swakarsa;5130/20/an;5130;-87;-115;28;RJN06;2.9.31
176;1;74:AC:B9:76:53:D0;AP_CAKRA;5130/20-Ce/an;5130;-85;-115;30;AP-CAKRA;6.45.9
177;2;F0:9F:C2:98:E4:23;KEJAM;5150/20-Ce/an;5150;-85;-116;31;AP kejam;6.44.6
178;3;B4:FB:E4:58:0F:7C;ATI-KJGE TO RBKEX;5165/20-Ce/an;5165;-89;-114;25;KJGE TO RBKE;2.9.31
179;4;C4:AD:34:92:9D:35;dash-marcopolo-ap4;5170/20/an;5170;-88;-116;28;marcopolo ap4;2.9.31
180;5;E0:63:DA:F6:40:CA;AP 29;5180/20-Ce/an;5180;-86;-115;29;M5 29;6.48.4
181;6;08:55:31:AE:68:36;TIMUR link;5180/20-Ce/an;5180;-87;-115;28;RECEHAN 2O2O;6.49.5
182;7;FC:EC:DA:6A:4A:4E;GASPOLLINAJA;5195/20/an;5195;-88;-113;25;LINK-RJN13;2.9.31
183;8;48:8F:5A:1F:BA:E3;TRM MULTI;5225/20-eC/ac;5225;-64;-115;51;C4AD3427E997;6.44.5
184;9;F4:92:BF:BE:8F:B0;BUMDES-KA1;5225/20-Ce/an;5225;-85;-115;30;AP-BUMDES;6.42.12
185;10;74:4D:28:07:C4:7F;AP-SXT-BAWAH;5245/20/an;5245;-89;-115;26;AP-SXT-BAWAH;
186;11;F0:9F:C2:98:F1:9A;BERINGIN;5255/20-eCee/ac;5255;-83;-115;32;multi net;6.49.1
187;12;CC:2D:E0:53:BC:6B;BIGHOUSE;5260/20-Ce/an;5260;-89;-115;26;488F5A47AF65;
188;13;48:8F:5A:24:E3:3B;Sec 2U;5285/20/a;5285;-92;-115;23;;
189;14;24:5A:4C:D0:8A:C4;AP-ALM;5300/20/an;5300;-86;-116;30;B5 Cvn;2.9.31
190;15;80:2A:A8:0A:9F:13;pemasang baru;5355/20-Ce/an;5355;-72;-116;44;PowerBeam M5 4;2.9.31
191;16;E4:8D:8C:F6:CE:14;ilhamm;5360/20/an;5360;-84;-117;33;AirGrid M5 HP;2.9.31
192;17;6C:3B:6B:42:9C:41;;5360/20-Ce/ac;5360;-90;-117;27;;
193;18;D4:C8:B0:46:3F:AF;MERPATI;5380/20-Ce/an;5380;-75;-117;42;CP520;2.9.31
194;19;B8:69:F4:FB:94:91;TOOL-LANGIT;5385/20/an;5385;-83;-117;34;TOOLANGIT;2.9.31
195;20;FC:EC:DA:6E:50:BC;AP-SUMBER-MAKMUR;5395/20/an;5395;-69;-117;48;Rocket M5;2.9.31
196;21;08:55:31:12:48:A7;AP_MORAT-CINDAI;5410/20-eC/an;5410;-79;-118;39;AP_cindai;6.45.9
197;22;74:4D:28:E9:EF:0A;BISMILLAHH;5425/20/an;5425;-77;-118;41;NET-MENTEL-WADUK;6.49.2
198;23;E4:8D:8C:BE:09:95;AP-SIMBOLON;5470/20/an;5470;-89;-119;30;RADIO-GANIE JAYA;
199;24;00:27:22:84:CC:EC;WR-265;5600/20-Ce/an;5600;-90;-120;30;Rocket M5;2.9.31
200;25;48:8F:5A:BD:86:BF;;5650/20-eCee/ac;5650;-84;-120;36;;
201;26;74:83:C2:56:13:08;AP-SP3 cokro;5690/20-Ce/an;5690;-63;-121;58;PowerBeam M5 3;2.9.31
202;27;08:55:31:12:37:3D;tes gratis;5765/20/an;5765;-86;-121;35;oom;2.9.31
203;28;78:8A:20:9C:EA:BA;NYANYA 120;5150/20/an;5150;-90;-116;26;08553187B56C;
204;29;B8:69:F4:C7:25:6F;DASHLINK_01;5195/20-Ce/an;5195;-86;-113;27;RJN10;2.9.31
205;30;18:E8:29:70:8B:8C;Internet@Rakyat;5225/20-Ce/an;5225;-88;-115;27;AP-Internet@Ra;2.9.31
206;31;CC:2D:E0:D2:06:FD;thezuri_pmc22;5320/20/an;5320;-89;-116;27;E48D8CBE09B3;6.48.3
207;32;6C:3B:6B:C6:E3:FE;ED-AJP;5345/20-Ce/an;5345;-89;-116;27;AP-AJP_Palas;2.9.31
208;33;B8:69:F4:FF:D9:C7;Radar;5400/20/an;5400;-91;-117;26;Omni Sec 5;
209;34;18:E8:29:36:90:A3;AMBYARcuk;5485/20-eCee/ac;5485;-90;-118;28;C4AD34765825;6.44.5
210;35;24:A4:3C:7A:18:44;ubnt LBE;5710/20-Ce/an;5710;-90;-121;31;BTS;6.39.2
211;36;C4:AD:34:1F:95:D1;NED life5;5590/20-Ce/an;5590;-80;-119;39;ST HKBP SILOAM;2.9.31
212;37;08:55:31:11:E9:FF;RICAD-BASECAMP;5170/20-Ce/an;5170;-83;-116;33;AP-BASECAMP;6.47.3
213;38;FC:EC:DA:C0:87:BC;AP-GRAHA;5375/20-Ce/an;5375;-91;-117;26;AP-GRAHA;6.45.9
214;39;04:18:D6:EA:41:DA;;5180/20/ac;5180;-88;-115;27;;
215;40;08:55:31:E3:AA:07;AP BUANA JAYA;5300/20-Ce/an;5300;-90;-116;26;BUANA JAYA;6.47.7
216;41;68:D7:9A:A8:AD:8E;BCC 5;5520/20-Ce/an;5520;-88;-117;29;BUWUNG PUYUH;
217;42;24:5A:4C:42:6D:3D;AP-SENGKETASIS;5420/20-Ce/an;5420;-83;-118;35;STA-PERWATAN;
218;43;08:55:31:D9:35:A5;KOTAGARO;5425/20-Ce/an;5425;-91;-118;27;PB M5 400 kija;2.9.31
219;44;00:0C:42:AB:19:45;;5460/20/ac;5460;-91;-118;27;;
220;45;64:D1:54:A4:A6:E3;SMS1;5310/20/an;5310;-93;-116;23;Tasya Media Ne;2.9.31
221;46;CC:2D:E0:CF:20:36;hery1;5250/20/a;5250;-89;-115;26;NSM5Sector3;
222;47;F4:92:BF:DA:AC:6F;mahalini;5625/20-Ceee/ac;5625;-77;-120;43;CDN-RJWL;
223;48;74:4D:28:15:1F:BF;i-ACCESS-BW;5670/20/an;5670;-92;-121;29;Rocket M5;2.9.31
224;49;68:D7:9A:92:F1:A6;TO-KEBUN CINA;5740/20-Ce/an;5740;-91;-122;31;AP-KEBUN CINA;
225;50;00:1B:B1:5F:3E:AB;;5110/20-eeCe/ac;5110;-93;-115;22;;
226;51;6C:3B:6B:C1:CD:D6;mona_55;5240/20/a;5240;-91;-115;24;D4CA6DEF7F79;6.49.2
227;52;74:AC:B9:F4:0B:92;;5240/20/ac;5240;-90;-115;25;;
228;53;74:AC:B9:88:2D:58;AP.ALBET getri;5460/20-Ce/an;5460;-92;-118;26;ap.albet;2.9.31
229;54;B8:69:F4:29:B2:88;;5235/20-eC/ac;5235;-88;-114;26;;
230;55;08:55:31:EE:2A:33;QUENN MART;5180/20-Ce/an;5180;-87;-115;28;AP-QUEEN MART;6.49.2
231;56;08:55:31:81:21:87;LigoDLB AP;5785/20/an;5785;-91;-122;31;;
232;57;48:8F:5A:EE:28:69;;5770/20-eC/ac;5770;-90;-121;31;;
233;58;18:E8:29:36:8B:1E;Bumdes BA;5200/20/an;5200;-88;-113;25;Rocket M5;2.9.31
234;59;F0:9F:C2:B2:18:1E;;5350/20/an;5350;-93;-116;23;PTP to siti;6.48
235;60;F4:92:BF:D2:3A:76;mr Garuh;5545/20/an;5545;-91;-118;27;lintas data;2.9.31
236;61;B8:69:F4:8A:E9:C9;AP AirGrid M5 HP 3;5305/20-Ce/an;5305;-89;-114;25;AP TOWER AirGr;2.9.31
237;62;08:55:31:AF:FB:C9;FEDORA-SEKTOR 202;5560/20/an;5560;-88;-118;30;CC2DE0030E9C;6.36.3
238;63;48:8F:5A:AE:97:69;AP PUSKES palas;5220/20/an;5220;-92;-115;23;CC2DE053BC6B;6.44.5
239;64;C4:AD:34:9B:0C:81;AP STEVEN;5385/20-eC/an;5385;-88;-117;29;SJI;
240;65;CC:2D:E0:FF:4A:D5;Ferbri_Network;5120/20-Ce/an;5120;-91;-115;24;488F5A24E33B;6.47
241;66;18:E8:29:70:75:5E;BIM-BUMDES5.8Ghz;5180/20/an;5180;-85;-115;30;PowerBeam M5 3;2.9.31
242;67;FC:EC:DA:DE:07:71;AP Staff;5360/20-Ce/an;5360;-90;-117;27;AP Staff;6.46.8
243;68;B8:69:F4:AC:88:88;ap;5180/20/an;5180;-93;-115;22;CC2DE037E5E1;6.39.2
244;69;B8:69:F4:29:7B:44;FEDORA-ADE;5540/20-eC/an;5540;-91;-119;28;085531EA5C0E;6.45.9
245;70;48:8F:5A:08:F4:DF;;5875/20-Ceee/ac;5875;-90;-123;33;;
246;71;68:72:51:22:B3:80;DM;5200/20/an;5200;-88;-113;25;mikrotiktik;6.45.9
247;72;F4:92:BF:BE:7E:92;sembiring_asrindo;5330/20/an;5330;-90;-116;26;744D28E05F8F;6.48.3
248;73;B8:69:F4:93:DD:5B;;5330/20/an;5330;-89;-116;27;bintang5 ap2;2.9.31
249;74;08:55:31:2D:CA:61;FEDORA-RAMADHAN;5220/20/an;5220;-89;-115;26;E48D8CF6CE14;6.36.3
250;75;74:4D:28:83:AB:F6;FEDORA-SEKTOR174;5220/20/an;5220;-90;-115;25;6C3B6B429C41;6.36.3
251;76;64:D1:54:7C:92:F6;;5300/20-Ce/ac;5300;-87;-116;29;dashnet to areng;6.40.8
252;77;08:55:31:86:14:9B;1945;5200/20-eC/an;5200;-91;-113;22;kkkm;
253;78;74:4D:28:00:12:08;FEDORA PTP PAYUNG;5200/20-Ce/an;5200;-91;-113;22;Rocket M5;2.9.31
254;79;58:C1:7A:48:B6:C1;#BOLT!LTE+3FAE 5G;5785/20-eeCe/ac;5785;-91;-122;31;;
255;80;74:4D:28:5B:86:5F;JANGAN;5700/20-Ce/an;5700;-86;-121;35;JANGAN;
256;81;74:83:C2:60:79:8D;omni 58 kandas;5180/20-eC/an;5180;-89;-115;26;lintas;6.46.8
257;82;48:8F:5A:AF:82:8B;AP26;5510/20/an;5510;-92;-118;26;26789;2.9.31
258;83;48:8F:5A:BC:1E:2D;matamu;5615/20-Ce/an;5615;-89;-120;31;AP3-DIERY;2.9.31
259;84;08:55:31:BC:43:03;AP_ALYA_PBARU;5220/20/an;5220;-92;-115;23;AirGrid M5 HP;2.9.31
260;85;E4:8D:8C:FD:1D:54;AP28b;5450/20-Ce/an;5450;-89;-118;29;Ganas Banget;
261;86;74:4D:28:FA:B6:26;G-AP-RP1;5250/20-Ce/an;5250;-90;-115;25;AP1-RP;
262;87;2C:C8:1B:06:A4:DD;OMNITIK-SUNGAI-PUTIH;5245/20/an;5245;-90;-115;25;OMNITIK-SUNGAI-P;6.44.5
263;88;08:55:31:BD:C8:63;MikroTik PKS16;5700/20-Ce/an;5700;-90;-121;31;TMN;6.48
264;89;18:E8:29:34:8D:43;APNet-Bukit_PakisTJM;5250/20-eC/an;5250;-92;-115;23;ST Bukit Pakis T;6.43.16
265;90;74:4D:28:C1:9E:EF;;5200/20/a;5200;-90;-113;23;Pemancar MTower;6.48.1
266;91;74:83:C2:60:5C:03;FEDORA-TAMPAN1;5520/20/an;5520;-91;-117;26;64D15471514E;6.33
267;92;C4:AD:34:0C:04:FA;;5290/20/an;5290;-89;-115;26;dash-tikipanam;2.9.31
268;93;48:8F:5A:C1:59:36;AP BATIN;5480/20-Ce/an;5480;-91;-119;28;;
269;94;74:4D:28:E7:F6:A7;Tegar-PTMP4;5725/20-eC/an;5725;-89;-121;32;08553116D4D6;6.45.9
270;95;C4:AD:34:9B:27:DD;GDS-AP1;5310/20/an;5310;-89;-116;27;0855310EB991;
271;96;00:27:22:84:CC:EC;dash-cendana-ap2;5195/20/a;5195;-90;-113;23;cendana ap2;3.2
272;97;48:8F:5A:BD:86:BF;BTS-Danicom-To-SMPN5-Minas;5180/20-Ce/ac;5180;-89;-115;26;BTS-Danicom-SMPN;6.45.9
273;98;00:27:22:16:39:AD;dash-gs-ap8;5700/20/a;5700;-89;-121;32;gs ap8;3.2
274;99;C4:AD:34:A2:7B:10;Km1STk;5240/20-eC/an;5240;-91;-115;24;C4AD34A27B10;6.44.5
275;100;74:83:C2:56:13:08;PTP-ZAM;5100/20-Ce/an;5100;-92;-115;23;PTP-ZAM;2.9.31
276;101;08:55:31:12:37:3D;Ap-Panam-IV;5230/20-Ce/an;5230;-87;-115;28;G-CDN-4;
277;102;B8:69:F4:DD:72:18;MDJKL;5500/20-Ceee/ac;5500;-85;-119;34;SJKL;
278;103;B8:69:F4:49:71:9F;PKU2-PKU3;5270/20-eC/an;5270;-88;-116;28;ap-kandang2;6.44.5
279;104;BA:69:F4:49:71:9F;PKU2;5270/20-eC/an;5270;-90;-116;26;ap-kandang2;6.44.5
280;105;18:E8:29:70:F0:93;OMNI;5515/20-Ce/an;5515;-92;-119;27;Rocket M5;2.9.31
281;106;78:8A:20:9C:EA:BA;;5275/20/an;5275;-90;-115;25;AP Sentral S1;2.9.31
282;107;B8:69:F4:C7:25:6F;LINK-LHG02;5550/20-Ce/an;5550;-90;-117;27;AP UPA;
283;0;18:E8:29:70:8B:8C;GADING AKS;5020/20-Ce/an;5020;-89;-116;27;AP TO BERINGIN;2.9.31
284;1;CC:2D:E0:D2:06:FD;LOCAL 5;5030/20/a;5030;-89;-116;27;Omni Sec 5 Local;
285;2;6C:3B:6B:C6:E3:FE;Sec 1U;5050/20-Ce/an;5050;-82;-116;34;Omni Sec1U;
286;3;74:83:C2:56:13:08;PTP-ZAM;5100/20-Ce/an;5100;-88;-115;27;PTP-ZAM;2.9.31
287;4;B8:69:F4:FF:D9:C7;AP-NAGAMAS23;5125/20/an;5125;-58;-114;56;AP-NAGAMAS23 ;
288;5;C4:AD:34:62:AB:CF;Tri Sakti;5140/20-eC/an;5140;-89;-114;25;AP Tri Sakti;
289;6;74:83:C2:5C:84:F6;ubnt cpp;5150/20/an;5150;-84;-115;31;Tasya Media Ne;2.9.31
290;7;C4:AD:34:62:AB:85;KEJAM;5150/20-Ce/an;5150;-84;-115;31;AP kejam;6.44.6
291;8;18:E8:29:36:90:A3;TOBA-K88;5160/20-Ce/an;5160;-87;-115;28;TOBA-V3;2.9.31
292;9;24:A4:3C:7A:18:44;Cieee;5165/20-Ce/an;5165;-70;-113;43;Ap Aman 5;2.9.31
293;10;C4:AD:34:0C:DA:C6;RICAD-BASECAMP;5170/20-Ce/an;5170;-87;-114;27;AP-BASECAMP;6.47.3
294;11;08:55:31:EA:C0:CC;BUMDES-LINK;5170/20/an;5170;-74;-114;40;AP-PTP;
295;12;C4:AD:34:C8:44:04;TIMUR link;5180/20-Ce/an;5180;-82;-115;33;RECEHAN 2O2O;6.49.5
296;13;08:55:31:B9:59:10;QUENN MART;5180/20-Ce/an;5180;-84;-115;31;AP-QUEEN MART;6.49.2
297;14;74:83:C2:5C:86:86;Bumdes BA;5200/20/an;5200;-86;-114;28;Rocket M5;2.9.31
298;15;C4:AD:34:27:E9:97;TRM MULTI;5225/20-eC/ac;5225;-82;-114;32;C4AD3427E997;6.44.5
299;16;2C:C8:1B:1C:CA:AF;MikroTik;5250/20-Ce/an;5250;-88;-114;26;2CC81B1CCAAF;6.46.8
300;17;C4:AD:34:92:9D:35;BERINGIN;5255/20-eCee/ac;5255;-88;-114;26;multi net;6.49.1
301;18;C4:AD:34:1F:95:D1;BRO-ICAN;5260/20-Ce/an;5260;-81;-114;33;Omni Seruling;
302;19;6C:3B:6B:BF:4F:8F;Sec 2U;5285/20/a;5285;-82;-113;31;;
303;20;44:D9:E7:2C:60:DC;AP-ALM;5300/20/an;5300;-86;-113;27;B5 Cvn;2.9.31
304;21;CC:2D:E0:D2:07:57;AP BUANA JAYA;5300/20-Ce/an;5300;-84;-113;29;BUANA JAYA;6.47.7
305;22;08:55:31:6E:63:04;AP M DILAM;5315/20-eC/an;5315;-85;-113;28;AP LJN PANDAWA;6.45.9
306;23;74:4D:28:E0:5F:8F;sembiring_asrindo;5330/20/an;5330;-89;-113;24;744D28E05F8F;6.48.3
307;24;80:2A:A8:A2:86:F2;ED-AJP;5345/20-Ce/an;5345;-88;-114;26;AP-AJP_Palas;2.9.31
308;25;E0:63:DA:F6:40:CA;pemasang baru;5355/20-Ce/an;5355;-88;-113;25;PowerBeam M5 4;2.9.31
309;26;48:8F:5A:6C:45:35;AP Staff;5360/20-Ce/an;5360;-90;-114;24;AP Staff;6.46.8
310;27;AA:15:6D:DA:4B:71;MERPATI;5380/20-Ce/an;5380;-83;-114;31;CP520;2.9.31
311;28;08:55:31:4D:B9:E3;PTP NS;5395/20-Ce/an;5395;-88;-114;26;PTP NS;6.48.5
312;29;F4:92:BF:46:13:D0;AP-SUMBER-MAKMUR;5395/20/an;5395;-80;-114;34;Rocket M5;2.9.31
313;30;24:5A:4C:D0:9A:E7;di kijang;5405/20/an;5405;-75;-114;39;ke sugie new;2.9.31
314;31;20:B5:C7:03:0C:62;HTC-FARM-3;5405/20/ac;5405;-86;-114;28;;
315;32;68:D7:9A:90:AC:83;TO-PLASMA;5420/20/an;5420;-88;-114;26;SBU to PLASMA ;2.9.31
316;33;CC:2D:E0:99:93:DB;AP-SENGKETASIS;5420/20-Ce/an;5420;-88;-114;26;STA-PERWATAN;
317;34;64:D1:54:AE:12:A9;MELAN;5430/20/an;5430;-89;-114;25;AP-MELAN;6.47
318;35;48:8F:5A:C1:89:10;DASMEDA;5470/20/an;5470;-86;-114;28;AP-DASH MEDIA DA;6.45.9
319;36;08:55:31:B0:8D:BE;AP-SIMBOLON;5470/20/an;5470;-89;-114;25;RADIO-GANIE JAYA;
320;37;C4:AD:34:76:58:25;AMBYARcuk;5485/20-eCee/ac;5485;-87;-114;27;C4AD34765825;6.44.5
321;38;08:55:31:11:E9:FF;AP-TOOLS;5500/20/an;5500;-36;-115;79;AP-PONDOK45;
322;39;18:E8:29:70:F0:93;OMNI;5515/20-Ce/an;5515;-82;-115;33;Rocket M5;2.9.31
323;40;B8:69:F4:31:54:A9;AP SEHATI;5565/20/an;5565;-88;-116;28;AQIR ZAMAN;6.48.6
324;41;FC:EC:DA:C0:87:BC;ubnt man polo;5575/20/an;5575;-88;-116;28;tohar sp5;2.9.31
325;42;68:D7:9A:A6:64:E8;matamu;5615/20-Ce/an;5615;-90;-116;26;AP3-DIERY;2.9.31
326;43;C4:AD:34:76:74:7C;PENCARI SINYAL;5655/20-Ce/ac;5655;-89;-116;27;Spektrum Radio;6.47.9
327;44;04:18:D6:EA:41:DA;FEDORA DISTAN WAKO;5660/20-Ce/an;5660;-89;-117;28;Rocket M5;2.9.31
328;45;CC:2D:E0:37:DB:73;ubnt LBE;5710/20-Ce/an;5710;-87;-117;30;BTS;6.39.2
329;46;08:55:31:4D:EE:E3;TarekSest;5745/20-Ce/an;5745;-71;-117;46;OM ka;6.45.9
330;47;CC:2D:E0:5B:7D:2B;BURUNGNET2;5800/20-Ce/an;5800;-86;-118;32;AP-2-BURUNG@NET;6.48.3
331;48;08:55:31:39:6E:41;MikroTik TMN;5815/20-Ce/an;5815;-86;-119;33;TMN 28;6.49.6
332;49;C4:AD:34:9B:93:70;swissbel-lestari;5850/20-Ce/ac;5850;-88;-118;30;PTP_Swissbell_To;6.44.5
333;50;F4:92:BF:D8:61:02;;5875/20-Ceee/ac;5875;-90;-118;28;;
334;51;CC:2D:E0:37:E5:E1;ap;5180/20/an;5180;-85;-115;30;CC2DE037E5E1;6.39.2
335;52;48:8F:5A:F2:FE:F2;AP 29;5180/20-Ce/an;5180;-86;-115;29;M5 29;6.48.4
336;53;64:D1:54:70:A2:CA;Mbak Dyna;5380/20-eC/ac;5380;-88;-114;26;MbakDyna;6.48.6
337;54;B8:69:F4:90:85:A3;AP STEVEN;5385/20-eC/an;5385;-89;-114;25;SJI;
338;55;64:D1:54:B0:BC:97;Radar;5400/20/an;5400;-85;-114;29;Omni Sec 5;
339;56;80:2A:A8:0E:62:45;ubnt tess4;5705/20/an;5705;-86;-117;31;Rocket M5;2.9.31
340;57;08:55:31:E3:AA:07;AP OMNITIK DEDI;5710/20-Ce/an;5710;-88;-117;29;OMNI AP;
341;58;24:5A:4C:BC:65:15;NED life6;5790/20-Ce/an;5790;-90;-118;28;Rocket M5;2.9.31
342;59;68:D7:9A:A8:AD:8E;;5030/20-Ce/an;5030;-88;-116;28;APDARULJIHAD;2.9.31
343;60;24:5A:4C:42:6D:3D;ap.siahaan;5065/20-Ce/an;5065;-84;-114;30;ap.subermakmur;2.9.31
344;61;78:8A:20:12:31:AD;ptpn5-sbu lbk dalam;5200/20/an;5200;-88;-114;26;SBU L.Dalam- T;2.9.31
345;62;64:D1:54:7C:76:96;Trio;5200/20/an;5200;-87;-114;27;CM;
346;63;08:55:31:D9:35:A5;AP HRDLC;5210/20-Ce/an;5210;-87;-112;25;AP HRDLC;6.45.9
347;64;E0:63:DA:F6:46:12;KOTAGARO;5425/20-Ce/an;5425;-85;-114;29;PB M5 400 kija;2.9.31
348;65;B8:69:F4:8A:E7:0B;OMN KJR;5210/20-Ce/an;5210;-94;-112;18;AP Iwan;
349;66;00:0C:42:AB:19:45;AP-SMK-SEPT;5220/20-Ce/ac;5220;-88;-113;25;Bencah kelubi;
350;67;78:8A:20:9C:98:3B;Internet@Rakyat;5225/20-Ce/an;5225;-86;-114;28;AP-Internet@Ra;2.9.31
351;68;64:D1:54:A4:A6:E3;DIKEMRINET OMNI;5295/20-Ce/ac;5295;-88;-113;25;Omnitik_SD008_SP;6.47.7
352;69;CC:2D:E0:CF:20:36;AP - KEMBAR;5325/20-Ce/an;5325;-88;-113;25;AP - KEMBAR;6.45.3
353;70;F4:92:BF:DA:AC:6F;ATI-NMAE TO SRKE;5390/20/an;5390;-89;-114;25;RPT SF NMAE - ;2.9.31
354;71;74:4D:28:15:1F:BF;Tompul;5060/20-Ce/ac;5060;-88;-115;27;AP Tompul;
355;72;68:D7:9A:92:F1:A6;ap.albet;5160/20-Ce/an;5160;-85;-115;30;ap.rumah getri;2.9.31
356;73;CC:2D:E0:51:F2:A3;omni 58 kandas;5180/20-eC/an;5180;-88;-115;27;lintas;6.46.8
357;74;E4:8D:8C:BE:08:F7;hery1;5250/20/a;5250;-89;-114;25;NSM5Sector3;
358;75;F4:92:BF:EC:A5:F8;AP.ALBET getri;5460/20-Ce/an;5460;-90;-115;25;ap.albet;2.9.31
359;76;08:55:31:4C:5B:37;TO-KEBUN CINA;5740/20-Ce/an;5740;-90;-117;27;AP-KEBUN CINA;
360;77;24:A4:3C:42:5C:F4;tes gratis;5765/20/an;5765;-88;-118;30;oom;2.9.31
361;78;00:1B:B1:5F:3E:AB;;5080/20/an;5080;-89;-114;25;mutiara;6.48.1
362;79;6C:3B:6B:C1:CD:D6;PTMP KILO 2;5200/20-Ce/an;5200;-89;-114;25;AP - CLIENT KILO;6.45.3
363;80;F0:9F:C2:9E:4A:95;;5360/20-Ce/ac;5360;-87;-114;27;;
364;81;08:55:31:12:F0:B5;AP HOMBING;5395/20-Ce/an;5395;-91;-114;23;OMNITIK PoE;6.45.9
365;82;74:AC:B9:F4:0B:92;AP MAJU MUNDUR;5785/20-Ce/an;5785;-90;-118;28;PowerBeam M5 4;2.9.31
366;83;74:AC:B9:88:2D:58;REE-SR2;5300/20/an;5300;-87;-113;26;PEMANCAR-RE..0;2.9.31
367;84;B8:69:F4:29:B2:88;TOBA;5350/20/an;5350;-88;-114;26;AP-IKUT;6.44.6
368;85;08:55:31:EE:2A:33;A-Link;5070/20-Ce/an;5070;-89;-115;26;Alvyra;
369;86;2C:C8:1B:40:C6:F5;SERSER;5125/20-Ce/an;5125;-85;-114;29;2CC81B40C6F5;6.46.8
370;87;08:55:31:81:21:87;BTS-01D@nicomputer-To-SMPN6-RB;5280/20-Ce/an;5280;-90;-113;23;BTS-01-D@nicompu;6.45.9
371;88;48:8F:5A:68:CE:AF;BISMILLAH;5670/20-Ce/an;5670;-89;-117;28;AP_KM.2;6.45.8
372;89;48:8F:5A:EE:28:69;Hallo;5765/20-Ce/an;5765;-90;-118;28;488F5AEE2869;
373;90;18:E8:29:36:8B:1E;oyimnet_ap3;5100/20/an;5100;-86;-115;29;sect_3;2.9.31
374;91;F0:9F:C2:B2:18:1E;NutNet_PBaru;5140/20/an;5140;-84;-114;30;AP_UDEN SIPION;2.9.31
375;92;08:55:31:87:B5:6C;NYANYA 120;5150/20/an;5150;-85;-115;30;08553187B56C;
376;93;F4:92:BF:D2:3A:76;IMS-TO-STPA;5335/20-Ce/an;5335;-89;-114;25;BR-MHJR-STPA;2.9.31
377;94;08:55:31:74:C9:AD;AP28b;5450/20-Ce/an;5450;-89;-115;26;Ganas Banget;
378;95;B8:69:F4:8A:E9:C9;Berkah;5050/20/a;5050;-89;-116;27;Omni Sumbawa;
379;96;08:55:31:AF:FB:C9;AP-SND1;5170/20-eC/an;5170;-89;-114;25;085531AFFBC9;6.49.6
380;97;74:4D:28:07:C4:7F;;5350/20/an;5350;-90;-114;24;PTP to siti;6.48
381;98;FC:EC:DA:6E:50:BC;AP_ALYA_PBARU;5220/20/an;5220;-87;-113;26;AirGrid M5 HP;2.9.31
382;99;78:8A:20:C8:89:06;;5255/20-Ce/an;5255;-90;-114;24;tapung ap1;2.9.31
383;100;2C:C8:1B:70:6B:E3;AU - BNGKO;5260/20/an;5260;-90;-114;24;AU BANGKO;6.48.6
384;101;64:D1:54:71:51:4E;FEDORA-TAMPAN1;5520/20/an;5520;-90;-116;26;64D15471514E;6.33
385;102;48:8F:5A:AE:97:69;AP-TEXCAL;5805/20/ac;5805;-88;-118;30;Point-A;
386;103;C4:AD:34:9B:0C:81;sektoral sp7;5210/20-eC/an;5210;-86;-112;26;C4AD349B0C81;
387;104;F0:9F:C2:44:E1:74;SMS1;5310/20/an;5310;-88;-114;26;Tasya Media Ne;2.9.31
388;105;CC:2D:E0:FF:4A:D5;OMNITIK-HOME SP6;5750/20-Ce/an;5750;-88;-118;30;OMNITIK 3;6.46.7
389;106;B8:69:F4:16:4A:E3;;5300/20-Ce/ac;5300;-84;-113;29;dashnet to areng;6.40.8
390;107;18:E8:29:70:75:5E;;5500/20/ac;5500;-88;-115;27;;
391;108;F4:92:BF:D8:CF:FB;;5460/20/ac;5460;-89;-115;26;;
392;109;FC:EC:DA:DE:07:71;;5650/20/ac;5650;-90;-116;26;;
393;110;18:E8:29:3C:21:F2;PAIJO;5220/20/an;5220;-89;-113;24;AP TO PAIJO;2.9.31
394;111;24:5A:4C:B4:AD:49;PermanaNET#05;5835/20/an;5835;-88;-118;30;PermanaNET#05;2.9.31
395;112;B8:69:F4:FB:94:91;JANGAN;5700/20-Ce/an;5700;-89;-117;28;JANGAN;
396;113;CC:2D:E0:03:0E:9C;FEDORA-SEKTOR 202;5560/20/an;5560;-89;-115;26;CC2DE0030E9C;6.36.3
397;114;B8:69:F4:AC:88:88;Pusmas Tapung;5660/20-eeCe/ac;5660;-88;-117;29;Mikrotik;6.48.5
398;115;C4:AD:34:0C:07:42;A-D;5445/20/an;5445;-88;-114;26;AP-HS ADARA;6.47
399;116;B8:69:F4:29:7B:44;AP-K;5775/20-Ce/an;5775;-88;-118;30;AP-K;6.47.9
400;117;24:5A:4C:BC:63:4D;LOCO RB;5825/20-eC/an;5825;-88;-118;30;Rocket M5;2.9.31
401;118;48:8F:5A:08:F4:DF;StarNET-AP2-SELATAN;5680/20-eC/an;5680;-91;-117;26;AP-SXTSQ;
402;119;68:72:51:22:B3:80;HTI;5755/20-Ce/an;5755;-88;-118;30;Bullet M5;2.9.31
403;120;F4:92:BF:BE:7E:92;;5210/20/ac;5210;-89;-112;23;;
404;121;B8:69:F4:B9:53:B3;AP-BERKAH;5390/20/an;5390;-90;-114;24;AP-BERKAH;
405;122;74:83:C2:62:14:23;;5520/20/ac;5520;-89;-116;27;;
406;123;B8:69:F4:93:DD:5B;AP SASTRA;5205/20-Ce/an;5205;-88;-113;25;AP SASTRA;6.46.8
407;124;08:55:31:2D:CA:61;AP Semunai;5805/20-Ce/an;5805;-89;-118;29;Trans Semunai;6.45.9
408;125;C4:AD:34:93:7D:8A;OMNITIK-SUNGAI-PUTIH;5245/20/an;5245;-90;-114;24;OMNITIK-SUNGAI-P;6.44.5
409;126;08:55:31:89:9B:77;PSM TO RIMBA;5500/20-eC/an;5500;-90;-115;25;psm ptp to rimba;
410;127;74:4D:28:83:AB:F6;PSM POP SIALANG;5280/20-Ce/an;5280;-90;-113;23;AP BARAT;
411;128;00:04:56:E3:8E:E3;AP BATIN;5480/20-Ce/an;5480;-90;-115;25;;
412;129;64:D1:54:7C:92:F6;DANY;5780/20-Ceee/ac;5780;-89;-118;29;;6.46.4
413;130;E4:8D:8C:BE:09:B3;thezuri_pmc22;5320/20/an;5320;-88;-114;26;E48D8CBE09B3;6.48.3
414;131;48:8F:5A:1F:BA:E3;mahalini;5625/20-Ceee/ac;5625;-85;-116;31;CDN-RJWL;
415;132;B8:69:F4:49:71:9F;PKU2-PKU3;5270/20-eC/an;5270;-88;-114;26;ap-kandang2;6.44.5
416;133;BA:69:F4:49:71:9F;PKU2;5270/20-eC/an;5270;-87;-114;27;ap-kandang2;6.44.5
417;134;08:55:31:86:14:9B;Disconnected;5335/20-Ce/an;5335;-88;-114;26;08553186149B;
418;135;F4:92:BF:F6:E9:65;SMK-PEWAN;5600/20-Ce/an;5600;-92;-115;23;SMK PAK DEWAN;2.9.31
419;136;80:2A:A8:A2:A4:38;Sectoral SP2;5525/20-Ce/an;5525;-88;-116;28;Rocket M5;2.9.31
420;137;C4:AD:34:A2:7B:10;Km1STk;5240/20-eC/an;5240;-90;-114;24;C4AD34A27B10;6.44.5
421;138;74:4D:28:00:12:08;PONDOK-SAKTI;5240/20/ac;5240;-90;-114;24;AP-LUMBUT;
422;139;04:F0:21:04:ED:01;;5335/20-Ce/an;5335;-88;-114;26;Holywood;6.48.1
423;140;08:55:31:EA:5C:0E;FEDORA-ADE;5540/20-eC/an;5540;-88;-116;28;085531EA5C0E;6.45.9
424;141;58:C1:7A:48:B6:C1;indah_cargo_GPN;5720/20/an;5720;-87;-117;30;;
425;142;74:4D:28:5B:86:5F;OMNI ROTAR NET;5200/20-Ce/an;5200;-91;-114;23;744D285B865F;
426;143;74:83:C2:60:79:8D;;5260/20/ac;5260;-89;-114;25;;
427;144;08:55:31:84:6E:C9;TUKANG WIFI 9;5810/20/an;5810;-89;-118;29;AP gondang;
428;145;48:8F:5A:AF:82:8B;FEDORA-VEROO;5765/20-Ce/an;5765;-88;-118;30;488F5AAF828B;6.45.9
429;146;E4:8D:8C:F6:CE:14;FEDORA-RAMADHAN;5220/20/an;5220;-88;-113;25;E48D8CF6CE14;6.36.3
430;147;48:8F:5A:BC:1E:2D;AP-AFD6-SBS;5360/20-eC/an;5360;-90;-114;24;AP-AFD6;6.45.9
431;148;B8:69:F4:DD:72:18;MDJKL;5500/20-Ceee/ac;5500;-88;-115;27;SJKL;
432;149;08:55:31:16:D4:D6;Tegar-PTMP4;5725/20-eC/an;5725;-86;-118;32;08553116D4D6;6.45.9
433;150;20:B5:C6:14:9E:D8;;5795/20/a;5795;-88;-117;29;;
434;151;08:55:31:24:CA:11;BOY;5200/20/an;5200;-88;-114;26;AP-BOY;
435;152;00:04:56:D6:9D:02;musimmasbuatan2018;5650/20/an;5650;-86;-116;30;;
436;153;08:55:31:12:37:3D;Ap-Panam-IV;5230/20-Ce/an;5230;-85;-114;29;G-CDN-4;
437;154;E4:8D:8C:F9:45:83;BISMILLAHH;5425/20/an;5425;-89;-114;25;NET-MENTEL-WADUK;6.49.2
438;155;08:55:31:BC:43:03;MikroTik;5260/20/an;5260;-88;-114;26;085531BC4303;
439;156;E4:8D:8C:FD:1D:54;Lintas Timur;5220/20-Ce/an;5220;-90;-113;23;Lintas timur;
440;157;74:4D:28:FA:B6:26;AP-LSM BENGKALIS;5785/20/ac;5785;-88;-118;30;AP-LSM BENGKALIS;
441;158;2C:C8:1B:06:A4:DD;AP BTS BERINGIN S;5370/20/an;5370;-88;-114;26;BTS Arah Penaso;
442;159;78:8A:20:9C:EA:BA;Sector 1 Mawar;5275/20/an;5275;-86;-113;27;AP Sentral S1;2.9.31
443;160;24:5A:4C:06:53:F6;;5750/20/ac;5750;-89;-118;29;;
444;161;08:55:31:BD:C8:63;RMH GULTOM;5455/20/ac;5455;-88;-115;27;RMH GULTOM;6.45.9
445;162;18:E8:29:34:8D:43;AR-NET TO SUKAJADI;5070/20/an;5070;-89;-115;26;TO SUKAJADI;2.9.31
446;163;74:4D:28:C1:9E:EF;Sektoral 1 (( MCS.NET ));5280/20-eC/ac;5280;-89;-113;24;BP-DUMAI;6.42.12
447;164;74:83:C2:60:5C:03;BUKIT SEMBILAN;5825/20-Ce/an;5825;-92;-118;26;LINK KM68;2.9.31
448;165;B4:0F:3B:D6:83:D1;Lap-Heli;5745/20/ac;5745;-89;-117;28;;
449;166;C4:AD:34:0C:04:FA;Dewi Persik;5265/20-Ce/an;5265;-89;-114;25;Sains Net;6.45.6
450;167;08:55:31:4E:41:B5;MikroTik PKS16;5700/20-Ce/an;5700;-89;-117;28;TMN;6.48
451;168;48:8F:5A:C1:59:36;Tegar-PTMP6;5710/20-Ce/an;5710;-88;-117;29;PTMP6;6.45.9
452;169;08:55:31:0B:4F:BD;AP72;5360/20/an;5360;-91;-114;23;AP GASPOL;6.45.9
453;170;74:4D:28:E7:F6:A7;i-ACCESS-5G;5220/20-eC/ac;5220;-88;-113;25;METAL-52AC;7.1.5
454;171;C4:AD:34:9B:27:DD;i-ACCESS-5G;5300/20-eC/ac;5300;-86;-113;27;MANTBOX;6.48.6
455;172;C4:AD:34:8B:28:C4;SPEEDNET TO RAMPOK;5535/20/an;5535;-90;-115;25;SPEEDNET PENDAWA;6.45.9
456;173;B8:69:F4:C7:25:6F;LINK-LHG02;5550/20-Ce/an;5550;-83;-116;33;AP UPA;
